timestamp,model,device,compute_type,tempo,time_s,wer,transcript
2026-04-21T00:40:15,large-v3,cuda,int8,1.0,40.93,0.0,"Maybe instead I could say creating the graph Lets us take a messy real-world problem put it in a standardized standardized intermediate representation which can then be converted into something that can be put into an algorithm like an adjacency matrix matrix or something like that that way it's clear what that whole flow is but I I do agree with you do agree with you that a graph is a mathematical representation. I think that that still needs a step of processing, though, to go into another algorithm. Thank you, though, for pushing back. Thank you though for pushing back on this, I really like this."
2026-04-21T00:40:15,large-v3,cuda,int8,1.5,30.76,0.1963,"Maybe instead I could say, creating the graph lets us take a messy real-world problem, put it in a standardized intermediate representation, which can then be converted into... be converted into something that can be put into an algorithm like an adjacency matrix or something like that um that way it's clear what that whole flow is but i i do agree with you that I do agree with you that a graph is a mathematical representation. I think that that still needs a step of processing, though, to go into another algorithm. Thank you, though, for pushing back on this. I really like this."
2026-04-21T00:40:15,large-v3,cuda,int8,2.0,31.17,0.2523,Maybe instead I could say creating the graph lets us take a messy real-world problem put it in a standardized intermediate representation Which can then be converted into something that can be put into an algorithm like an adjacency matrix or something like that matrix or something like that. That way it's clear what that whole flow is. But I do agree with you that a graph is a mathematical representation. I think that that still needs a step of processing though to go into another algorithm. Thank you though for pushing back on this. I really like Thank you though for pushing back on this. I really like this.
2026-04-21T00:40:15,large-v3,cuda,int8,2.5,26.6,0.2523,"Maybe instead I could say, creating the graph lets us take a messy real-world problem, put it in a standardized intermediate representation, which can then be converted into something that can be put into an algorithm, like an adjacency matrix or something like that. That way it's clear what that whole flow is. It's clear what that whole flow is. But I do agree with you that a graph is a mathematical representation. I think that still needs a step of processing, though, to go into another algorithm. Thank you, though, for pushing back on this. I really like this."
2026-04-21T00:40:15,large-v3,cuda,int8,3.0,29.28,0.3271,"Maybe instead I could say, creating the graph lets us take a messy real world problem, put it in a standardized intermediate representation, which can then be converted into something that can be put into an algorithm, like an adjacency matrix or something like that. That way it's clear what that whole flow is. But I do agree with you that a graph is a mathematical repre- I do agree with you that a graph is a mathematical representation. I think that's a, um, that's only the step of processing, though, to go into another algorithm. Thank you, though, for pushing back on this. I really like this."
2026-04-21T00:56:15,tiny,cuda,int8,1.0,5.56,0.1589,"Maybe instead I could say Creating the graph Let's just take a messy real-world problem put it in a standard I standardized intermediate representation, which can then be converted into something that can be put into an algorithm like an adjacency matrix. see matrix or something like that. That way it's clear what that whole flow is, but I do agree with you. I do agree with you that a graph is a mathematical representation. I think that that still needs a step of processing though to go into another algorithm. Thank you, though, for pushing back. Thank you though for pushing back on this. I really like this."
2026-04-21T00:56:15,tiny,cuda,int8,1.5,4.74,0.2617,"Maybe instead I could say, creating the graph, let's us take a messy real-world problem, put it in a standardized intermediate representation, which can then be converted into... and then be converted into something that can be put into an algorithm like an adjacency matrix or something like that. That way it's clear what that whole flow is. But I do agree with you that. I do agree with you that a graph is a mathematical representation. I think that that still needs a step of processing though to go into another algorithm. Thank you though for pushing back on this. I really like this."
2026-04-21T00:56:15,tiny,cuda,int8,2.0,4.77,0.3458,"Maybe instead I could say, creating the graph, let's us take a messy real-world problem, put it in a standardized intermediate representation, which can then be converted into something that can be put into an algorithm, like an adjacency matrix or something like that. the matrix or something like that. That way it's clear what that whole flow is. But I do agree with you that a graph is a mathematical representation. I think that that's only the step of processing though to go into another algorithm. Thank you though for pushing back on this. I really like that. Thank you for pushing back on this, I really like this."
2026-04-21T00:56:15,tiny,cuda,int8,2.5,5.63,0.4112,"Maybe instead I could say, creating the graph, let's let's take a messy real-world problem, put it in a standardized intermediate representation, which can then be converted into something that can be put into an algorithm, like NJCC matrix or something like that. That way it's clear what that whole flow is. it's clear what that whole flow is. But I do agree with you that graph is not a representation. I think that that's something to stop a process in going into another algorithm. Thank you for pushing that on this, I really like this."
2026-04-21T00:56:15,tiny,cuda,int8,3.0,4.94,0.6168,"Let's take a messy real-world problem, put it in a standardized intermediate representation, which can then convert it into something that you can put into algorithm, like an adjacent matrix or something like that. That way it's clear that whole flow is. But I do agree with you that the graph is not a graph. I do agree with you that graph is not a conversation. I think that's some of the stuff processing that we don't do in our algorithm. Thank you for sharing that on the same way as."
2026-04-21T00:56:15,small,cuda,int8,1.0,12.91,0.1589,"Maybe instead I could say creating the graph Let's us take a messy real-world problem. Put it in a standardized a standardized intermediate representation, which can then be converted into something that can be put into an algorithm like an adjacency matrix. matrix or something like that. That way it's clear what that whole flow is. But I do agree with you. I do agree with you that a graph is a mathematical representation. I think that still needs a step of processing, though, to go into another algorithm. Thank you, though, for pushing back. Thank you, though, for pushing back on this. I really like this."
2026-04-21T00:56:15,small,cuda,int8,1.5,9.94,0.2056,"Maybe instead I could say creating the graph Let's us take a messy real-world problem put it in a standardized intermediate representation, which can then be converted into be converted into something that can be put into an algorithm like an adjacency matrix or something like that. That way it's clear what that whole flow is. But I do agree with you that a- I do agree with you that a graph is a mathematical representation. I think that that still needs a step of processing, though, to go into another algorithm. Thank you, though, for pushing back on this. I really like this."
2026-04-21T00:56:15,small,cuda,int8,2.0,9.34,0.3084,"Maybe instead I could say creating the graph lets us take a messy real world problem, put it in a standardized intermediate representation, which can then be converted into something that can be put into an algorithm like an adjacency matrix or something like that. matrix or something like that. That way it's clear what that whole flow is. But I do agree with you that a graph is a mathematical representation. I think that that still needs a step of processing though to go into another algorithm. Thank you though for pushing back on this. I really like this. Thank you, though, for pushing back on this. I really like this."
2026-04-21T00:56:15,small,cuda,int8,2.5,8.13,0.2617,"Maybe instead I could say, creating the graph lets us take a messy real-world problem, put it in a standardized intermediate representation, which can then be converted into something that can be put into an algorithm, like an adjacency matrix or something like that. That way it's clear what that whole flow is. it's clear what that whole flow is. But I do agree with you that a graph is a mathematical representation. I think that still needs a step of processing though to go into another algorithm. Thank you though for pushing back on this, I really like this."
2026-04-21T00:56:15,small,cuda,int8,3.0,7.89,0.4206,"Maybe instead I could say, creating the graph lets us take a messy real world problem, put it in a standardized intermediate representation, which can then be converted into something that can be put into an algorithm, like an adjacency matrix or something like that. That way it's clear what that whole flow is. But I do agree with you that the graph is not going to be as- I do agree with you that the graph is not a representation. I think that's something to step a process and go into another algorithm. Thank you for pushing down on us, I really like this."
2026-04-21T00:56:15,medium,cuda,int8,1.0,24.91,0.0467,"Maybe instead I could say creating the graph Let's us take a messy real-world problem put it in a standardized a standardized intermediate representation which can then be converted into something that can be put into an algorithm like an adjacency matrix. matrix or something like that that way it's clear what that whole flow is but I I I do agree with you I do agree with you that a graph is a mathematical representation. I think that that still needs a step of processing, though, to go into another algorithm. Thank you, though, for pushing back. Thank you though for pushing back on this, I really like this."
2026-04-21T00:56:15,medium,cuda,int8,1.5,19.56,0.215,"Maybe instead I could say creating the graph lets us take a messy real-world problem put it in a standardized intermediate representation, which can then be converted into be converted into something that can be put into an algorithm, like an adjacency matrix or something like that. That way it's clear what that whole flow is. But I do agree with you that a I do agree with you that a graph is a mathematical representation. I think that that still needs a step of processing, though, to go into another algorithm. Thank you, though, for pushing back on this. I really like this."
2026-04-21T00:56:15,medium,cuda,int8,2.0,19.11,0.2617,"Maybe instead I could say creating the graph lets us take a messy real-world problem, put it in a standardized intermediate representation, which can then be converted into something that can be put into an algorithm, like an adjacency matrix or something like that. matrix or something like that. That way, it's clear what that whole flow is. But I do agree with you that a graph is a mathematical representation. I think that that still needs a step of processing, though, to go into another algorithm. Thank you, though, for pushing back on this. I really like this. Thank you for pushing back on this. I really like this."
2026-04-21T00:56:15,medium,cuda,int8,2.5,16.41,0.2523,"Maybe instead I could say creating the graph lets us take a messy real-world problem, put it in a standardized intermediate representation, which can then be converted into something that can be put into an algorithm, like an adjacency matrix or something like that. That way it's clear what that whole flow is. it's clear what that whole flow is. But I do agree with you that a graph is a mathematical representation. I think that that still needs a step of processing though to go into another algorithm. Thank you though for pushing back on this. I really like this."
2026-04-21T00:56:15,medium,cuda,int8,3.0,16.71,0.3364,"Maybe instead I could say, creating the graph lets us take a messy real-world problem, put it in a standardized intermediate representation which can then be converted into something that can be put into an algorithm like an adjacency matrix or something like that. That way it's clear what that whole flow is. But I do agree with you that a graph is a mathematical representation. I do agree with you that a graph is not a representation. I think that's a, that's only the step of processing to go into another algorithm. Thank you for pushing out on this. I really like this."
2026-04-21T00:56:15,large-v3,cuda,int8,1.0,41.95,0.0,"Maybe instead I could say creating the graph Lets us take a messy real-world problem put it in a standardized standardized intermediate representation which can then be converted into something that can be put into an algorithm like an adjacency matrix matrix or something like that that way it's clear what that whole flow is but I I do agree with you do agree with you that a graph is a mathematical representation. I think that that still needs a step of processing, though, to go into another algorithm. Thank you, though, for pushing back. Thank you though for pushing back on this, I really like this."
2026-04-21T00:56:15,large-v3,cuda,int8,1.5,33.44,0.1963,"Maybe instead I could say, creating the graph lets us take a messy real-world problem, put it in a standardized intermediate representation, which can then be converted into... be converted into something that can be put into an algorithm like an adjacency matrix or something like that um that way it's clear what that whole flow is but i i do agree with you that I do agree with you that a graph is a mathematical representation. I think that that still needs a step of processing, though, to go into another algorithm. Thank you, though, for pushing back on this. I really like this."
2026-04-21T00:56:15,large-v3,cuda,int8,2.0,32.79,0.2523,Maybe instead I could say creating the graph lets us take a messy real-world problem put it in a standardized intermediate representation Which can then be converted into something that can be put into an algorithm like an adjacency matrix or something like that matrix or something like that. That way it's clear what that whole flow is. But I do agree with you that a graph is a mathematical representation. I think that that still needs a step of processing though to go into another algorithm. Thank you though for pushing back on this. I really like Thank you though for pushing back on this. I really like this.
2026-04-21T00:56:15,large-v3,cuda,int8,2.5,31.44,0.2523,"Maybe instead I could say, creating the graph lets us take a messy real-world problem, put it in a standardized intermediate representation, which can then be converted into something that can be put into an algorithm, like an adjacency matrix or something like that. That way it's clear what that whole flow is. It's clear what that whole flow is. But I do agree with you that a graph is a mathematical representation. I think that still needs a step of processing, though, to go into another algorithm. Thank you, though, for pushing back on this. I really like this."
2026-04-21T00:56:15,large-v3,cuda,int8,3.0,29.0,0.3271,"Maybe instead I could say, creating the graph lets us take a messy real world problem, put it in a standardized intermediate representation, which can then be converted into something that can be put into an algorithm, like an adjacency matrix or something like that. That way it's clear what that whole flow is. But I do agree with you that a graph is a mathematical repre- I do agree with you that a graph is a mathematical representation. I think that's a, um, that's only the step of processing, though, to go into another algorithm. Thank you, though, for pushing back on this. I really like this."
2026-04-21T01:22:20,cuda,tiny,int8,1.0,4.57,109,"Maybe instead, I could say: Creating the graph. Let's just take a messy real-world problem, put it in a standardized intermediate representation, which can then be converted into something that can be put into an algorithm, like an adjacency matrix, see matrix or something like that. That way, it's clear what that whole flow is. But I do agree with you—that a graph is a mathematical representation—I think that still needs a step of processing, though, to go into another algorithm. Thank you, though, for pushing back on this. I really like this."
2026-04-21T01:22:20,cuda,tiny,int8,1.5,4.47,105,"Maybe instead I could say, creating the graph allows us to take a messy real-world problem, put it in a standardized intermediate representation, which can then be converted into an adjacency matrix or something similar. That way, it's clear what the whole flow is.  

But I do agree with you that a graph is a mathematical representation. I think that still needs a step of processing, though, to go into another algorithm.  

Thank you though for pushing back on this. I really like this."
2026-04-21T01:22:20,cuda,tiny,int8,2.0,3.86,110,"Maybe instead I could say, creating the graph allows us to take a messy real-world problem, put it in a standardized intermediate representation, which can then be converted into something that can be used in an algorithm, like an adjacency matrix or something similar. The matrix or similar. That way, it's clear what that whole workflow is. I do agree with you that a graph is a mathematical representation. I think that's only a step of processing to go into another algorithm. Thank you, though, for pushing back on this. I really appreciate that."
2026-04-21T01:22:20,cuda,tiny,int8,2.5,3.73,96,"Maybe instead I could say, creating the graph. Let's take a messy real-world problem, put it in a standardized intermediate representation, which can then be converted into something that can be put into an algorithm, like an NJCC matrix or something like that. That way, it's clear what that whole flow is. It's clear what that whole flow is. But I do agree with you that a graph is not a representation. I think that's something to stop a process from going into another algorithm. Thank you for pushing that on this; I really like this."
2026-04-21T01:22:20,cuda,tiny,int8,3.0,3.54,91,"Let's take a messy real-world problem, put it in a standardized intermediate representation, which can then be converted into something you can put into an algorithm, like an adjacency matrix or something like that. That way, it's clear how the whole flow is.  
But I do agree with you that the graph is not a graph. I do agree with you that a graph is not a conversation. I think that's some of the processing that we don't do in our algorithm.  
Thank you for sharing that in the same way as..."
2026-04-21T01:22:20,cuda,small,int8,1.0,10.25,107,"Maybe instead I could say creating the graph. Let's take a messy real-world problem, put it in a standardized intermediate representation that can then be converted into something suitable for an algorithm, like an adjacency matrix or something like that. That way, it's clear what the whole flow is. 

I do agree with you that a graph is a mathematical representation. I think that still needs a step of processing to go into another algorithm. 

Thank you, though, for pushing back on this. I really like this."
2026-04-21T01:22:20,cuda,small,int8,1.5,8.01,104,"Maybe instead I could say creating the graph. Let's take a messy real-world problem, put it in a standardized intermediate representation, which can then be converted into something that can be input into an algorithm, like an adjacency matrix or similar. That way, it's clear what the whole flow is. 

But I do agree with you that a graph is a mathematical representation. I think that still needs a step of processing to go into another algorithm. 

Thank you, though, for pushing back on this. I really like this."
2026-04-21T01:22:20,cuda,small,int8,2.0,7.89,112,"Maybe instead I could say creating the graph lets us take a messy real-world problem, put it in a standardized intermediate representation, which can then be converted into something that can be put into an algorithm like an adjacency matrix or something like that. That way, it's clear what that whole flow is. But I do agree with you that a graph is a mathematical representation. I think that still needs a step of processing to go into another algorithm. Thank you, though, for pushing back on this. I really like this."
2026-04-21T01:22:20,cuda,small,int8,2.5,6.92,100,"Maybe instead I could say, creating the graph lets us take a messy real-world problem, put it in a standardized intermediate representation, which can then be converted into something that can be put into an algorithm, like an adjacency matrix or something like that. That way, it's clear what that whole flow is. It's clear what that whole flow is. But I do agree with you that a graph is a mathematical representation. I think that still needs a step of processing, though, to go into another algorithm. Thank you, though, for pushing back on this. I really like this."
2026-04-21T01:22:20,cuda,small,int8,3.0,6.74,105,"Maybe instead I could say, creating the graph lets us take a messy real-world problem, put it in a standardized intermediate representation, which can then be converted into something that can be put into an algorithm, like an adjacency matrix or something like that. 

That way, it's clear what that whole flow is. 

But I do agree with you that the graph is not going to be as—I do agree with you that the graph is not a representation. 

I think that's something to step a process and go into another algorithm. 

Thank you for pushing down on us, I really like this."
2026-04-21T01:22:20,cuda,medium,int8,1.0,21.63,110,"Maybe instead I could say creating the graph. Let's us take a messy real-world problem, put it in a standardized intermediate representation, which can then be converted into something that can be put into an algorithm, like an adjacency matrix or something like that. That way, it's clear what the whole flow is. I do agree with you that a graph is a mathematical representation. I think that still needs a step of processing, though, to go into another algorithm. Thank you, though, for pushing back. I really like this."
2026-04-21T01:22:20,cuda,medium,int8,1.5,16.36,104,"Maybe instead I could say creating the graph lets us take a messy real-world problem, put it in a standardized intermediate representation, which can then be converted into something that can be put into an algorithm, like an adjacency matrix or something like that. That way, it's clear what that whole flow is.  

But I do agree with you that a graph is a mathematical representation. I think that still needs a step of processing, though, to go into another algorithm.  

Thank you, though, for pushing back on this. I really like this."
2026-04-21T01:22:20,cuda,medium,int8,2.0,16.28,110,"Maybe instead I could say creating the graph lets us take a messy real-world problem, put it in a standardized intermediate representation, which can then be converted into something that can be put into an algorithm, like an adjacency matrix or something like that. That way, it's clear what that whole flow is. But I do agree with you that a graph is a mathematical representation. I think that still needs a step of processing, though, to go into another algorithm. Thank you, though, for pushing back on this. I really like this."
2026-04-21T01:22:20,cuda,medium,int8,2.5,13.7,101,"Maybe instead I could say creating the graph lets us take a messy real-world problem, put it in a standardized intermediate representation, which can then be converted into something that can be put into an algorithm, like an adjacency matrix or something like that. That way, it's clear what that whole flow is. It's clear what that whole flow is. But I do agree with you that a graph is a mathematical representation. I think that still needs a step of processing though to go into another algorithm. Thank you though for pushing back on this. I really like this."
2026-04-21T01:22:20,cuda,medium,int8,3.0,13.74,104,"Maybe instead I could say, creating the graph lets us take a messy real-world problem, put it in a standardized intermediate representation, which can then be converted into something that can be put into an algorithm like an adjacency matrix or something like that. That way, it's clear what that whole flow is. But I do agree with you that a graph is a mathematical representation. I do agree with you that a graph is not a representation. I think that's only the step of processing to go into another algorithm. Thank you for pushing on this. I really like this."
2026-04-21T01:22:20,cuda,large-v3,int8,1.0,37.14,107,"Maybe instead I could say creating the graph lets us take a messy real-world problem, put it in a standardized, intermediate representation, which can then be converted into something that can be put into an algorithm like an adjacency matrix or something like that. That way, it's clear what that whole flow is. 

I do agree with you that a graph is a mathematical representation. I think that still needs a step of processing, though, to go into another algorithm. Thank you, though, for pushing back. Thank you for pushing back on this. I really like this."
2026-04-21T01:22:20,cuda,large-v3,int8,1.5,28.4,105,"Maybe instead I could say, creating the graph lets us take a messy real-world problem, put it in a standardized intermediate representation, which can then be converted into something that can be put into an algorithm like an adjacency matrix or something like that. That way, it's clear what that whole flow is, but I do agree with you that a graph is a mathematical representation. I think that still needs a step of processing, though, to go into another algorithm. Thank you, though, for pushing back on this. I really like this."
2026-04-21T01:22:20,cuda,large-v3,int8,2.0,28.33,110,"Maybe instead I could say creating the graph lets us take a messy real-world problem, put it in a standardized intermediate representation, which can then be converted into something that can be put into an algorithm, like an adjacency matrix or something like that. That way, it's clear what that whole flow is. But I do agree with you that a graph is a mathematical representation. I think that still needs a step of processing to go into another algorithm. Thank you though for pushing back on this. I really like this."
2026-04-21T01:22:20,cuda,large-v3,int8,2.5,23.39,100,"Maybe instead I could say creating the graph lets us take a messy real-world problem, put it in a standardized intermediate representation, which can then be converted into something that can be put into an algorithm, like an adjacency matrix or something like that. That way, it's clear what that whole flow is. It's clear what that whole flow is. But I do agree with you that a graph is a mathematical representation. I think that still needs a step of processing, though, to go into another algorithm. Thank you, though, for pushing back on this. I really like this."
2026-04-21T01:22:20,cuda,large-v3,int8,3.0,24.34,108,"Maybe instead I could say, creating the graph lets us take a messy real-world problem, put it in a standardized intermediate representation, which can then be converted into something that can be put into an algorithm, like an adjacency matrix or something like that. That way, it's clear what that whole flow is. But I do agree with you that a graph is a mathematical representation. I think that's only the step of processing, though, to go into another algorithm. Thank you, though, for pushing back on this. I really like this."
2026-04-21T01:22:20,cuda,tiny,int8_float16,1.0,4.76,109,"Maybe instead I could say: Creating the graph. Let's just take a messy real-world problem, put it in a standard, standardized intermediate representation, which can then be converted into something that can be put into an algorithm, like an adjacency matrix, or something like that. That way, it's clear what that whole flow is. 

But I do agree with you. I do agree that a graph is a mathematical representation. I think that still needs a step of processing to go into another algorithm. 

Thank you, though, for pushing back. Thank you, though, for pushing back on this. I really like this."
2026-04-21T01:22:20,cuda,tiny,int8_float16,1.5,3.99,105,"Maybe instead I could say, creating the graph lets us take a messy real-world problem, put it in a standardized intermediate representation, which can then be converted into something that can be used in an algorithm, like an adjacency matrix or something like that. That way, it's clear what the whole flow is.

But I do agree with you that a graph is a mathematical representation. I think that still needs a step of processing to go into another algorithm.

Thank you though for pushing back on this. I really like this."
2026-04-21T01:22:20,cuda,tiny,int8_float16,2.0,3.85,110,"Maybe instead I could say, creating the graph lets us take a messy real-world problem, put it in a standardized intermediate representation, which can then be converted into something that can be put into an algorithm, like an adjacency matrix or something like that. The matrix or something like that. That way, it's clear what that whole flow is. But I do agree with you that a graph is a mathematical representation. I think that's only the step of processing, though, to go into another algorithm. Thank you though for pushing back on this. I really like that. Thank you for pushing back on this. I really like this."
2026-04-21T01:22:20,cuda,tiny,int8_float16,2.5,3.93,96,"Maybe instead I could say, creating the graph. Let's take a messy real-world problem, put it in a standardized intermediate representation, which can then be converted into something that can be put into an algorithm, like an NJCC matrix or something like that. That way, it's clear what that whole flow is. I do agree with you that graph is not a representation. I think that that's something to stop a process from going into another algorithm. Thank you for pushing that on this. I really like this."
2026-04-21T01:22:20,cuda,tiny,int8_float16,3.0,3.84,91,"Let's take a messy real-world problem, put it in a standardized intermediate representation, which can then convert it into something that you can put into an algorithm, like an adjacency matrix or something like that. That way, it's clear that the whole flow is. But I do agree with you that the graph is not a graph. I do agree with you that a graph is not a conversation. I think that's some of the processing that we don't do in our algorithm. Thank you for sharing that."
2026-04-21T01:22:20,cuda,small,int8_float16,1.0,11.36,107,"Maybe instead I could say creating the graph. Let's us take a messy real-world problem, put it in a standardized intermediate representation, which can then be converted into something like an adjacency matrix or another suitable format. That way, it's clear what that whole flow is.  

I do agree with you that a graph is a mathematical representation. I think that still needs a step of processing to go into another algorithm. Thank you, though, for pushing back on this. I really like this."
2026-04-21T01:22:20,cuda,small,int8_float16,1.5,8.35,104,"Maybe instead I could say creating the graph. Let's take a messy real-world problem, put it in a standardized intermediary representation, which can then be converted into something that can be put into an algorithm, like an adjacency matrix or something like that. That way, it's clear what that whole flow is.  

But I do agree with you that a graph is a mathematical representation. I think that still needs a step of processing to go into another algorithm. Thank you, though, for pushing back on this. I really like this."
2026-04-21T01:22:20,cuda,small,int8_float16,2.0,8.2,112,"Maybe instead I could say creating the graph lets us take a messy real-world problem, put it in a standardized intermediate representation, which can then be converted into something that can be put into an algorithm like an adjacency matrix or something like that. That way it's clear what that whole flow is. But I do agree with you that a graph is a mathematical representation. I think that still needs a step of processing to go into another algorithm. Thank you, though, for pushing back on this. I really like this."
2026-04-21T01:22:20,cuda,small,int8_float16,2.5,7.55,100,"Maybe instead I could say: creating the graph lets us take a messy real-world problem, put it in a standardized intermediate representation, which can then be converted into something that can be put into an algorithm, like an adjacency matrix or something like that. That way, it's clear what that whole flow is. It's clear what that whole flow is. But I do agree with you that a graph is a mathematical representation. I think that still needs a step of processing though to go into another algorithm. Thank you though for pushing back on this. I really like this."
2026-04-21T01:22:20,cuda,small,int8_float16,3.0,7.76,105,"Maybe instead I could say, creating the graph lets us take a messy real-world problem, put it in a standardized intermediate representation, which can then be converted into something that can be put into an algorithm, like an adjacency matrix or something like that. That way, it's clear what that whole flow is. But I do agree with you that the graph is not going to be as—I do agree with you that the graph is not a representation. I think that's a step in a process and going into another algorithm. Thank you for pushing us on this; I really like it."
2026-04-21T01:22:20,cuda,medium,int8_float16,1.0,22.85,110,"Maybe instead I could say creating the graph. Let's us take a messy real-world problem, put it in a standardized intermediate representation, which can then be converted into something that can be put into an algorithm like an adjacency matrix or something like that. That way, it's clear what that whole flow is. 

I do agree with you that a graph is a mathematical representation. I think that still needs a step of processing, though, to go into another algorithm. 

Thank you, though, for pushing back. I really like this."
2026-04-21T01:22:20,cuda,medium,int8_float16,1.5,17.15,104,"Maybe instead I could say creating the graph lets us take a messy real-world problem, put it in a standardized intermediate representation, which can then be converted into something that can be put into an algorithm, like an adjacency matrix or something like that. That way, it's clear what that whole flow is. 

But I do agree with you that a graph is a mathematical representation. I think that still needs a step of processing, though, to go into another algorithm. 

Thank you, though, for pushing back on this. I really like this."
2026-04-21T01:22:20,cuda,medium,int8_float16,2.0,17.73,110,"Maybe instead, I could say creating the graph lets us take a messy real-world problem, put it in a standardized intermediate representation, which can then be converted into something that can be put into an algorithm, like an adjacency matrix or something like that. 

That way, it's clear what that whole flow is. But I do agree with you that a graph is a mathematical representation. I think that still needs a step of processing, though, to go into another algorithm. 

Thank you, though, for pushing back on this. I really like this."
2026-04-21T01:22:20,cuda,medium,int8_float16,2.5,15.0,101,"Maybe instead I could say creating the graph lets us take a messy real-world problem, put it in a standardized intermediate representation, which can then be converted into something that can be put into an algorithm, like an adjacency matrix or something like that. That way, it's clear what that whole flow is. It’s clear what that whole flow is. 

But I do agree with you that a graph is a mathematical representation. I think that still needs a step of processing, though, to go into another algorithm. 

Thank you, though, for pushing back on this. I really like this."
2026-04-21T01:22:20,cuda,medium,int8_float16,3.0,14.96,104,"Maybe instead I could say, creating the graph lets us take a messy real-world problem, put it in a standardized intermediate representation which can then be converted into something that can be put into an algorithm like an adjacency matrix or something like that. That way, it's clear what that whole flow is. But I do agree with you that a graph is a mathematical representation. I do agree with you that a graph is not a representation. I think that's only the step of processing to go into another algorithm. Thank you for pushing on this. I really like this."
2026-04-21T01:22:20,cuda,large-v3,int8_float16,1.0,38.35,107,"Maybe instead I could say creating the graph lets us take a messy real-world problem, put it in a standardized intermediate representation, which can then be converted into something that can be put into an algorithm like an adjacency matrix or something like that. That way, it's clear what that whole flow is. 

But I do agree with you that a graph is a mathematical representation. I think that still needs a step of processing, though, to go into another algorithm. 

Thank you, though, for pushing back on this. I really like this."
2026-04-21T01:22:20,cuda,large-v3,int8_float16,1.5,30.09,105,"Maybe instead I could say, creating the graph lets us take a messy real-world problem, put it in a standardized intermediate representation, which can then be converted into something that can be put into an algorithm like an adjacency matrix or something like that. That way, it's clear what that whole flow is. But I do agree with you that a graph is a mathematical representation. I think that still needs a step of processing, though, to go into another algorithm. Thank you, though, for pushing back on this. I really like this."
2026-04-21T01:22:20,cuda,large-v3,int8_float16,2.0,28.23,110,"Maybe instead I could say creating the graph lets us take a messy real-world problem, put it in a standardized intermediate representation, which can then be converted into something that can be put into an algorithm like an adjacency matrix or something like that. That way, it's clear what that whole flow is. 

But I do agree with you that a graph is a mathematical representation. I think that still needs a step of processing to go into another algorithm. Thank you though for pushing back on this. I really like this."
2026-04-21T01:22:20,cuda,large-v3,int8_float16,2.5,23.89,100,"Maybe instead I could say, creating the graph lets us take a messy real-world problem, put it in a standardized intermediate representation, which can then be converted into something that can be put into an algorithm, like an adjacency matrix or something like that. That way, it's clear what that whole flow is. It's clear what that whole flow is. But I do agree with you that a graph is a mathematical representation. I think that still needs a step of processing, though, to go into another algorithm. Thank you, though, for pushing back on this. I really like this."
2026-04-21T01:22:20,cuda,large-v3,int8_float16,3.0,26.74,108,"Maybe instead I could say, creating the graph lets us take a messy real-world problem, put it in a standardized intermediate representation, which can then be converted into something that can be put into an algorithm, like an adjacency matrix or something like that. That way it's clear what that whole flow is. But I do agree with you that a graph is a mathematical representation. I think that's a, that's only the step of processing, though, to go into another algorithm. Thank you, though, for pushing back on this. I really like this."
2026-04-21T01:22:20,cuda,tiny,float16,1.0,5.97,109,"Maybe instead I could say: ""Creating the graph. Let's just take a messy real-world problem, put it in a standard, intermediate representation, which can then be converted into something that can be put into an algorithm, like an adjacency matrix, see matrix or something like that. That way, it's clear what that whole flow is. But I do agree with you—that a graph is a mathematical representation. I think that still needs a step of processing, though, to go into another algorithm. Thank you, though, for pushing back. Thank you, though, for pushing back on this. I really like this."""
2026-04-21T01:22:20,cuda,tiny,float16,1.5,5.19,105,"Maybe instead I could say: creating the graph allows us to take a messy real-world problem, put it in a standardized intermediate representation, which can then be converted into something that can be used in an algorithm, like an adjacency matrix or something like that. That way, it's clear what the whole flow is.  

But I do agree with you that a graph is a mathematical representation. I think that still needs a step of processing to go into another algorithm.  

Thank you for pushing back on this. I really like this."
2026-04-21T01:22:20,cuda,tiny,float16,2.0,5.1,109,"Maybe instead I could say, creating the graph allows us to take a messy real-world problem, put it in a standardized intermediate representation, which can then be converted into something that can be input into an algorithm, like an adjacency matrix or similar. The matrix or similar. That way, it's clear what the whole flow is. But I do agree with you that a graph is a mathematical representation. I think that’s the step of processing to go into another algorithm. Thank you, though, for pushing back on this. I really like that. Thank you for pushing back on this; I really like this."
2026-04-21T01:22:20,cuda,tiny,float16,2.5,4.38,95,"Maybe instead I could say: creating the graph allows us to take a messy real-world problem, put it into a standardized intermediate representation, which can then be converted into something that can be put into an algorithm, like an adjacency matrix or something like that. That way, it's clear what that whole flow is. I do agree with you that the graph is in that representation. I think that's something to stop processing out into another algorithm. Thank you for pushing that on the subject like this."
2026-04-21T01:22:20,cuda,tiny,float16,3.0,4.17,101,"Brilliant. So I could say, green the graph. Let's take a messy real-world problem, put it in a standardized intermediate representation, which can then be converted into something you can put into an algorithm, like an energy system matrix or something like that. That way, it's clear what the whole flow is.  

But I do agree with you that the graph is not a gross. I do agree with you that the graph is not a competition. I think that's some of the processing that we don't do in our algorithm. Thank you for sharing that, in the same way as..."
2026-04-21T01:22:20,cuda,small,float16,1.0,23.4,107,"Maybe instead I could say:  
Creating the graph lets us take a messy real-world problem, put it in a standardized intermediate representation, which can then be converted into something that can be put into an algorithm, like an adjacency matrix or something like that. That way, it's clear what the whole flow is.  

But I do agree with you that a graph is a mathematical representation. I think that still needs a step of processing to go into another algorithm.  

Thank you, though, for pushing back. I really like this."
2026-04-21T01:22:20,cuda,small,float16,1.5,16.46,104,"Maybe instead I could say creating the graph. Let's us take a messy real-world problem, put it in a standardized intermediate representation, which can then be converted into something that can be put into an algorithm like an adjacency matrix or something like that. That way, it's clear what that whole flow is. 

But I do agree with you that a graph is a mathematical representation. I think that still needs a step of processing, though, to go into another algorithm. 

Thank you, though, for pushing back on this. I really like this."
2026-04-21T01:22:20,cuda,small,float16,2.0,16.86,112,"Maybe instead, I could say creating the graph lets us take a messy real-world problem, put it in a standardized intermediate representation, which can then be converted into something that can be put into an algorithm, like an adjacency matrix or something like that. That way, it's clear what that whole flow is. But I do agree with you that a graph is a mathematical representation. I think that still needs a step of processing to go into another algorithm. Thank you, though, for pushing back on this. I really like this."
2026-04-21T01:22:20,cuda,small,float16,2.5,12.9,100,"Maybe instead I could say, creating the graph lets us take a messy real-world problem, put it in a standardized intermediate representation, which can then be converted into something that can be put into an algorithm, like an adjacency matrix or something like that. That way, it's clear what that whole flow is. It's clear what that whole flow is. But I do agree with you that a graph is a mathematical representation. I think that still needs a step of processing, though, to go into another algorithm. Thank you, though, for pushing back on this. I really like this."
2026-04-21T01:22:20,cuda,small,float16,3.0,12.82,103,"Maybe instead I could say, creating the graph lets us take a messy real-world problem, put it in a standardized intermediate representation, which can then be converted into something that can be put into an algorithm, like an adjacency matrix or something like that. That way, it's clear what that whole flow is. But I do agree with you that the graph is not going to be as—I do agree with you that the graph is not a representation. I think that's the stuff processing that goes into another algorithm. Thank you for pushing down on us, I really like this."
2026-04-21T01:22:20,cuda,medium,float16,1.0,63.81,110,"Maybe instead I could say creating the graph lets us take a messy real-world problem, put it in a standardized intermediate representation, which can then be converted into something that can be put into an algorithm like an adjacency matrix or something like that. That way, it's clear what the whole flow is. I do agree with you that a graph is a mathematical representation. I think that still needs a step of processing, though, to go into another algorithm. Thank you, though, for pushing back on this. I really like this."
2026-04-21T01:22:20,cuda,medium,float16,1.5,48.2,104,"Maybe instead I could say creating the graph lets us take a messy real-world problem, put it in a standardized intermediate representation, which can then be converted into something that can be put into an algorithm, like an adjacency matrix or something like that. That way, it's clear what that whole flow is. 

But I do agree with you that a graph is a mathematical representation. I think that still needs a step of processing, though, to go into another algorithm. 

Thank you, though, for pushing back on this. I really like this."
2026-04-21T01:22:20,cuda,medium,float16,2.0,43.57,111,"Maybe instead I could say creating the graph lets us take a messy real-world problem, put it in a standardized intermediate representation, which can then be converted into something that can be put into an algorithm, like an adjacency matrix or something like that. That way, it's clear what that whole flow is. But I do agree with you that a graph is a mathematical representation. I think that still needs a step of processing, though, to go into another algorithm. Thank you, though, for pushing back on this. I really like this."
2026-04-21T01:22:20,cuda,medium,float16,2.5,34.05,101,"Maybe instead I could say creating the graph lets us take a messy real-world problem, put it in a standardized intermediate representation, which can then be converted into something that can be put into an algorithm, like an adjacency matrix or something like that. That way, it's clear what that whole flow is. It's clear what that whole flow is. But I do agree with you that a graph is a mathematical representation. I think that still needs a step of processing to go into another algorithm. Thank you though for pushing back on this. I really like this."
2026-04-21T01:22:20,cuda,medium,float16,3.0,33.62,104,"Maybe instead I could say, creating the graph lets us take a messy real-world problem, put it in a standardized intermediate representation, which can then be converted into something that can be put into an algorithm, like an adjacency matrix or something like that. That way, it's clear what that whole flow is. But I do agree with you that a graph is a mathematical representation. I do agree with you that a graph is not a representation. I think that's only the step of processing to go into another algorithm. Thank you for pushing on this. I really like this."
2026-04-21T01:22:20,cuda,large-v3,float16,1.0,5.38,1.0,
2026-04-21T01:22:20,cuda,large-v3,float16,1.5,4.87,1.0,
2026-04-21T01:22:20,cuda,large-v3,float16,2.0,4.87,1.0,
2026-04-21T01:22:20,cuda,large-v3,float16,2.5,5.2,1.0,
2026-04-21T01:22:20,cuda,large-v3,float16,3.0,5.02,1.0,
2026-04-21T01:37:34,cuda,tiny,int8,1.0,5.47,0.163,"Maybe instead I could say:  
Creating the graph. Let's just take a messy real-world problem, put it in a standard, standardized intermediate representation, which can then be converted into something that can be put into an algorithm, like an adjacency matrix, see matrix or something like that. That way, it's clear what that whole flow is.  

But I do agree with you. I do agree that a graph is a mathematical representation. I think that still needs a step of processing, though, to go into another algorithm.  

Thank you, though, for pushing back. Thank you, though, for pushing back on this. I really like this."
2026-04-21T01:37:34,cuda,large-v3,int8,1.0,48.29,0.0435,"Maybe instead I could say creating the graph. It lets us take a messy real-world problem, put it in a standardized, intermediate representation, which can then be converted into something that can be input into an algorithm, like an adjacency matrix or something like that. That way, it's clear what the whole flow is. 

But I do agree with you that a graph is a mathematical representation. I think that still needs a step of processing to go into another algorithm. Thank you, though, for pushing back on this. I really like this."
2026-04-21T01:51:08,cuda,tiny,int8,1.0,5.14,0.1919,"Maybe instead I could say: Creating the graph. Let's just take a messy real-world problem, put it in a standard, standardized intermediate representation, which can then be converted into something that can be input into an algorithm, like an adjacency matrix, see matrix or something like that. That way, it's clear what that whole flow is. I do agree with you—that a graph is a mathematical representation. I think that still needs a step of processing before going into another algorithm. Thank you, though, for pushing back. I really like this."
2026-04-21T01:51:08,cuda,tiny,int8,1.5,5.02,0.2121,"Maybe instead I could say, creating the graph allows us to take a messy real-world problem, put it in a standardized intermediate representation, which can then be converted into something like an adjacency matrix. That way, it's clear what the whole flow is. But I do agree with you that a graph is a mathematical representation. I think that still needs a step of processing to go into another algorithm. Thank you though for pushing back on this. I really like this."
2026-04-21T01:51:08,cuda,tiny,int8,2.0,4.65,0.1818,"Maybe instead I could say, creating the graph lets us take a messy real-world problem, put it in a standardized intermediate representation, which can then be converted into something that can be put into an algorithm, like an adjacency matrix or something like that. The matrix or something like that. That way, it's clear what the whole flow is. But I do agree with you that a graph is a mathematical representation. I think that's only the step of processing, though, to go into another algorithm. Thank you, though, for pushing back on this. I really like that. Thank you for pushing back on this; I really like this."
2026-04-21T01:51:08,cuda,tiny,int8,2.5,4.05,0.2424,"Maybe instead I could say: creating the graph. Let's take a messy real-world problem, put it in a standardized intermediate representation, which can then be converted into something that can be input into an algorithm, like an NJCC matrix or something like that. That way, it's clear what the whole flow is. I do agree with you that a graph is not a representation. I think that it's something to stop a process from going into another algorithm. Thank you for pushing that on this; I really like this."
2026-04-21T01:51:08,cuda,tiny,int8,3.0,3.95,0.5152,"Let's take a messy real-world problem, put it in a standardized intermediate representation, which can then convert it into something that you can put into an algorithm, like an adjacency matrix or something like that. That way, it's clear that the whole flow is. But I do agree with you that the graph is not a graph. I do agree with you that the graph is not a conversation. I think that's some of the processing that we don't do in our algorithm. Thank you for sharing that in the same way as."
2026-04-21T01:51:08,cuda,small,int8,1.0,10.99,0.0909,"Maybe instead I could say creating the graph. Let's take a messy real-world problem, put it in a standardized intermediate representation, which can then be converted into something that can be put into an algorithm, like an adjacency matrix or something like that. That way, it's clear what that whole flow is. 

I do agree with you; a graph is a mathematical representation. I think that still needs a step of processing, though, to go into another algorithm. 

Thank you, though, for pushing back on this. I really like this."
2026-04-21T01:51:08,cuda,small,int8,1.5,8.91,0.0707,"Maybe instead I could say creating the graph. Let's take a messy real-world problem, put it in a standardized intermediate representation, which can then be converted into something that can be put into an algorithm like an adjacency matrix or something like that. That way, it's clear what that whole flow is. 

But I do agree with you that a graph is a mathematical representation. I think that still needs a step of processing, though, to go into another algorithm. Thank you, though, for pushing back on this. I really like this."
2026-04-21T01:51:08,cuda,small,int8,2.0,9.05,0.0707,"Maybe instead, I could say creating the graph lets us take a messy real-world problem, put it in a standardized intermediate representation, which can then be converted into something that can be put into an algorithm like an adjacency matrix or something like that. That way, it's clear what that whole flow is. But I do agree with you that a graph is a mathematical representation. I think that still needs a step of processing to go into another algorithm. Thank you, though, for pushing back on this. I really like this."
2026-04-21T01:51:08,cuda,small,int8,2.5,7.86,0.1313,"Maybe instead I could say, creating the graph lets us take a messy real-world problem, put it in a standardized intermediate representation, which can then be converted into something that can be put into an algorithm, like an adjacency matrix or something like that. That way, it's clear what that whole flow is. It's clear what that whole flow is. But I do agree with you that a graph is a mathematical representation. I think that still needs a step of processing, though, to go into another algorithm. Thank you, though, for pushing back on this. I really like this."
2026-04-21T01:51:08,cuda,small,int8,3.0,7.68,0.3333,"Maybe instead I could say, creating the graph lets us take a messy real-world problem, put it in a standardized intermediate representation, which can then be converted into something that can be put into an algorithm, like an adjacency matrix or something like that. That way, it's clear what that whole flow is. But I do agree with you that the graph is not going to be as—I do agree with you that the graph is not a representation. I think that's something to step a process and go into another algorithm. Thank you for pushing us, I really like this."
2026-04-21T01:51:08,cuda,medium,int8,1.0,23.28,0.0909,"Maybe instead, I could say creating the graph. Let's us take a messy real-world problem, put it in a standardized, intermediate representation, which can then be converted into something that can be put into an algorithm like an adjacency matrix or something like that. That way, it's clear what that whole flow is. 

I do agree with you that a graph is a mathematical representation. I think that still needs a step of processing, though, to go into another algorithm. Thank you, though, for pushing back. I really like this."
2026-04-21T01:51:08,cuda,medium,int8,1.5,27.68,0.0606,"Maybe instead I could say creating the graph lets us take a messy real-world problem, put it in a standardized intermediate representation, which can then be converted into something that can be put into an algorithm, like an adjacency matrix or something like that. That way, it's clear what that whole flow is. But I do agree with you that a graph is a mathematical representation. I think that still needs a step of processing, though, to go into another algorithm. Thank you, though, for pushing back on this. I really like this."
2026-04-21T01:51:08,cuda,medium,int8,2.0,29.55,0.0606,"Maybe instead I could say creating the graph lets us take a messy real-world problem, put it in a standardized intermediate representation, which can then be converted into something that can be put into an algorithm, like an adjacency matrix or something like that. That way, it's clear what that whole flow is. But I do agree with you that a graph is a mathematical representation. I think that still needs a step of processing, though, to go into another algorithm. Thank you, though, for pushing back on this. I really like this."
2026-04-21T01:51:08,cuda,medium,int8,2.5,15.64,0.1414,"Maybe instead I could say: creating the graph lets us take a messy real-world problem, put it in a standardized intermediate representation, which can then be converted into something that can be put into an algorithm, like an adjacency matrix or something like that. That way, it's clear what that whole flow is. It's clear what that whole flow is. But I do agree with you that a graph is a mathematical representation. I think that still needs a step of processing to go into another algorithm. Thank you, though, for pushing back on this. I really like this."
2026-04-21T01:51:08,cuda,medium,int8,3.0,25.13,0.2323,"Maybe instead I could say, creating the graph lets us take a messy real-world problem, put it in a standardized intermediate representation, which can then be converted into something that can be put into an algorithm like an adjacency matrix or something like that. That way, it's clear what that whole flow is. But I do agree with you that a graph is a mathematical representation. I do agree with you that a graph is not a representation. I think that's only the step of processing to go into another algorithm. Thank you for pushing on this. I really like this."
2026-04-21T01:51:08,cuda,large-v3,int8,1.0,39.4,0.0909,"Maybe instead I could say creating the graph.  
Let's us take a messy real-world problem, put it in a standardized intermediate representation, which can then be converted into something that can be put into an algorithm like an adjacency matrix or something like that.  
That way, it's clear what that whole flow is.  
But I do agree with you that a graph is a mathematical representation.  
I think that still needs a step of processing to go into another algorithm.  
Thank you, though, for pushing back. I really like this."
2026-04-21T01:51:08,cuda,large-v3,int8,1.5,29.83,0.0606,"Maybe instead I could say, creating the graph lets us take a messy real-world problem, put it in a standardized intermediate representation, which can then be converted into something that can be put into an algorithm like an adjacency matrix or something like that. That way, it's clear what that whole flow is. But I do agree with you that a graph is a mathematical representation. I think that still needs a step of processing, though, to go into another algorithm. Thank you, though, for pushing back on this. I really like this."
2026-04-21T01:51:08,cuda,large-v3,int8,2.0,30.64,0.0707,"Maybe instead I could say creating the graph lets us take a messy real-world problem, put it in a standardized intermediate representation, which can then be converted into something that can be put into an algorithm like an adjacency matrix or something like that. That way, it's clear what that whole flow is. But I do agree with you that a graph is a mathematical representation. I think that still needs a step of processing to go into another algorithm. Thank you though for pushing back on this. I really like this."
2026-04-21T01:51:08,cuda,large-v3,int8,2.5,23.61,0.1313,"Maybe instead I could say, creating the graph lets us take a messy real-world problem, put it in a standardized intermediate representation, which can then be converted into something that can be put into an algorithm, like an adjacency matrix or something like that. That way, it's clear what that whole flow is. It's clear what that whole flow is. But I do agree with you that a graph is a mathematical representation. I think that still needs a step of processing, though, to go into another algorithm. Thank you, though, for pushing back on this. I really like this."
2026-04-21T01:51:08,cuda,large-v3,int8,3.0,24.32,0.101,"Maybe instead I could say, creating the graph lets us take a messy real-world problem, put it in a standardized intermediate representation, which can then be converted into something that can be put into an algorithm, like an adjacency matrix or something like that. That way, it's clear what that whole flow is. But I do agree with you that a graph is a mathematical representation. I think that's only the step of processing, though, to go into another algorithm. Thank you, though, for pushing back on this. I really like this."
2026-04-21T01:51:08,cuda,tiny,int8_float16,1.0,4.56,0.1414,"Maybe instead I could say, ""Creating the graph. Let's just take a messy real-world problem, put it in a standard, I standardized intermediate representation, which can then be converted into something that can be put into an algorithm like an adjacency matrix, matrix, or something like that. That way, it's clear what that whole flow is. I do agree with you that a graph is a mathematical representation. I think that still needs a step of processing to go into another algorithm. Thank you, though, for pushing back. I really like this."""
2026-04-21T01:51:08,cuda,tiny,int8_float16,1.5,3.99,0.1515,"Maybe instead I could say, creating the graph allows us to take a messy real-world problem, put it in a standardized intermediate representation, which can then be converted into something that can be used by an algorithm, like an adjacency matrix or similar. That way, it's clear what the whole flow is.

But I do agree with you that a graph is a mathematical representation. I think that still needs a step of processing to go into another algorithm.

Thank you though for pushing back on this. I really like this."
2026-04-21T01:51:08,cuda,tiny,int8_float16,2.0,4.0,0.1818,"Maybe instead I could say, creating the graph lets us take a messy real-world problem, put it in a standardized intermediate representation, which can then be converted into something that can be input into an algorithm, like an adjacency matrix or something like that. The matrix or something like that. That way, it's clear what that whole flow is. But I do agree with you that a graph is a mathematical representation. I think that's only the step of processing, though, to go into another algorithm. Thank you, though, for pushing back on this. I really like that. Thank you for pushing back on this, I really like this."
2026-04-21T01:51:08,cuda,tiny,int8_float16,2.5,3.77,0.2424,"Maybe instead I could say: creating the graph. Let's take a messy real-world problem, put it in a standardized intermediate representation, which can then be converted into something that can be put into an algorithm, like an NJCC matrix or something like that. That way, it's clear what that whole flow is. I do agree with you that graph is not a representation. I think it's something to stop a process from going into another algorithm. Thank you for pushing that on this. I really like this."
2026-04-21T01:51:08,cuda,tiny,int8_float16,3.0,3.67,0.5152,"Let's take a messy real-world problem, put it in a standardized intermediate representation, which can then convert it into something that you can put into an algorithm, like an adjacency matrix or something like that. That way, it's clear that the whole flow is. But I do agree with you that the graph is not a graph. I do agree with you that a graph is not a conversation. I think that's some of the processing we don't do in our algorithm. Thank you for sharing that in the same way as."
2026-04-21T01:51:08,cuda,small,int8_float16,1.0,10.5,0.1212,"Maybe instead I could say creating the graph helps us take a messy real-world problem, put it in a standardized intermediate representation, which can then be converted into something that can be used in an algorithm, like an adjacency matrix or something like that. That way, it's clear what the whole flow is. But I do agree with you—that a graph is a mathematical representation. I think that still needs a step of processing, though, to go into another algorithm. Thank you, though, for pushing back on this. I really like this."
2026-04-21T01:51:08,cuda,small,int8_float16,1.5,7.98,0.0606,"Maybe instead I could say creating the graph. Let's us take a messy real-world problem, put it in a standardized intermediate representation, which can then be converted into something that can be put into an algorithm like an adjacency matrix or something like that. That way, it's clear what that whole flow is. 

But I do agree with you that a graph is a mathematical representation. I think that still needs a step of processing, though, to go into another algorithm. 

Thank you, though, for pushing back on this. I really like this."
2026-04-21T01:51:08,cuda,small,int8_float16,2.0,7.89,0.0707,"Maybe instead I could say creating the graph lets us take a messy real-world problem, put it in a standardized intermediate representation, which can then be converted into something that can be put into an algorithm like an adjacency matrix or something like that. That way, it's clear what that whole flow is. But I do agree with you that a graph is a mathematical representation. I think that still needs a step of processing to go into another algorithm. Thank you though for pushing back on this. I really like this."
2026-04-21T01:51:08,cuda,small,int8_float16,2.5,6.77,0.1313,"Maybe instead, I could say: creating the graph lets us take a messy real-world problem, put it in a standardized intermediate representation, which can then be converted into something that can be put into an algorithm, like an adjacency matrix or something like that. That way, it's clear what that whole flow is. It's clear what that whole flow is. But I do agree with you that a graph is a mathematical representation. I think that still needs a step of processing, though, to go into another algorithm. Thank you, though, for pushing back on this. I really like this."
2026-04-21T01:51:08,cuda,small,int8_float16,3.0,6.77,0.3232,"Maybe instead I could say, creating the graph lets us take a messy real-world problem, put it in a standardized intermediate representation, which can then be converted into something that can be put into an algorithm, like an adjacency matrix or something like that. That way, it's clear what that whole flow is. But I do agree with you that the graph is not going to be as— I do agree with you that the graph is not a representation. I think that's something to step a process and go into another algorithm. Thank you for pushing down on us. I really like this."
2026-04-21T01:51:08,cuda,medium,int8_float16,1.0,21.9,0.1212,"Maybe instead I could say creating the graph. It lets us take a messy real-world problem, put it in a standardized intermediate representation, which can then be converted into something that can be put into an algorithm, like an adjacency matrix or something like that. That way, it's clear what the whole flow is. 

But I do agree with you—that a graph is a mathematical representation. I think that still needs a step of processing, though, to go into another algorithm. Thank you, though, for pushing back. I really like this."
2026-04-21T01:51:08,cuda,medium,int8_float16,1.5,16.54,0.0606,"Maybe instead I could say creating the graph lets us take a messy real-world problem, put it in a standardized intermediate representation, which can then be converted into something that can be put into an algorithm, like an adjacency matrix or something like that. That way, it's clear what that whole flow is.

But I do agree with you that a graph is a mathematical representation. I think that still needs a step of processing, though, to go into another algorithm.

Thank you, though, for pushing back on this. I really like this."
2026-04-21T01:51:08,cuda,medium,int8_float16,2.0,16.55,0.0606,"Maybe instead I could say creating the graph lets us take a messy real-world problem, put it in a standardized intermediate representation, which can then be converted into something that can be put into an algorithm, like an adjacency matrix or something like that. That way, it's clear what that whole flow is. But I do agree with you that a graph is a mathematical representation. I think that still needs a step of processing, though, to go into another algorithm. Thank you, though, for pushing back on this. I really like this."
2026-04-21T01:51:08,cuda,medium,int8_float16,2.5,13.93,0.1414,"Maybe instead I could say: creating the graph lets us take a messy real-world problem, put it in a standardized intermediate representation, which can then be converted into something that can be put into an algorithm, like an adjacency matrix or something like that. That way, it's clear what that whole flow is. It's clear what that whole flow is. But I do agree with you that a graph is a mathematical representation. I think that still needs a step of processing to go into another algorithm. Thank you though for pushing back on this. I really like this."
2026-04-21T01:51:08,cuda,medium,int8_float16,3.0,13.54,0.2323,"Maybe instead I could say, creating the graph lets us take a messy real-world problem, put it in a standardized intermediate representation, which can then be converted into something that can be put into an algorithm like an adjacency matrix or something like that. That way, it's clear what that whole flow is. But I do agree with you that a graph is a mathematical representation. I do agree with you that a graph is not a representation. I think that's only the step of processing to go into another algorithm. Thank you for pushing out on this. I really like this."
2026-04-21T01:51:08,cuda,large-v3,int8_float16,1.0,37.26,0.0909,"Maybe instead I could say creating the graph lets us take a messy real-world problem, put it in a standardized intermediate representation, which can then be converted into something that can be input into an algorithm, like an adjacency matrix or something like that. That way, it's clear what the whole flow is. I do agree with you that a graph is a mathematical representation. I think that still needs a step of processing, though, to go into another algorithm. Thank you, though, for pushing back on this. I really like this."
2026-04-21T01:51:08,cuda,large-v3,int8_float16,1.5,28.69,0.0606,"Maybe instead I could say, creating the graph lets us take a messy real-world problem, put it in a standardized intermediate representation, which can then be converted into something that can be put into an algorithm like an adjacency matrix or something like that. That way, it's clear what that whole flow is. But I do agree with you that a graph is a mathematical representation. I think that still needs a step of processing, though, to go into another algorithm. Thank you, though, for pushing back on this. I really like this."
2026-04-21T01:51:08,cuda,large-v3,int8_float16,2.0,28.38,0.0707,"Maybe instead I could say creating the graph lets us take a messy real-world problem, put it in a standardized intermediate representation, which can then be converted into something that can be put into an algorithm like an adjacency matrix or something like that. That way, it's clear what that whole flow is. But I do agree with you that a graph is a mathematical representation. I think that still needs a step of processing to go into another algorithm. Thank you though for pushing back on this. I really like this."
2026-04-21T01:51:08,cuda,large-v3,int8_float16,2.5,23.82,0.1313,"Maybe instead I could say, creating the graph lets us take a messy real-world problem, put it in a standardized intermediate representation, which can then be converted into something that can be put into an algorithm, like an adjacency matrix or something like that. That way, it's clear what that whole flow is. It's clear what that whole flow is. 

But I do agree with you that a graph is a mathematical representation. I think that still needs a step of processing, though, to go into another algorithm. 

Thank you, though, for pushing back on this. I really like this."
2026-04-21T01:51:08,cuda,large-v3,int8_float16,3.0,24.24,0.1212,"Maybe instead I could say, creating the graph lets us take a messy real-world problem, put it in a standardized intermediate representation, which can then be converted into something that can be put into an algorithm, like an adjacency matrix or something like that. That way it's clear what that whole flow is. But I do agree with you that a graph is a mathematical representation. I think that's a, uh, that's only the step of processing, though, to go into another algorithm. Thank you, though, for pushing back on this. I really like this."
2026-04-21T01:51:08,cuda,tiny,float16,1.0,5.9,0.202,"Maybe instead I could say: Creating the graph. Let's just take a messy real-world problem, put it in a standard, intermediate representation—one that can then be converted into something suitable for an algorithm, like an adjacency matrix, or something like that. That way, it's clear what that whole flow is. 

But I do agree with you—that a graph is a mathematical representation. I think that still needs a step of processing to go into another algorithm. 

Thank you, though, for pushing back. I really like this."
2026-04-21T01:51:08,cuda,tiny,float16,1.5,4.7,0.202,"Maybe instead I could say creating the graph lets us take a messy real-world problem, put it in a standardized intermediate representation, which can then be converted into something like an adjacency matrix. That way, it's clear what the whole flow is.  

I do agree with you that a graph is a mathematical representation. I think that still needs a step of processing to go into another algorithm.  

Thank you though for pushing back on this. I really like this."
2026-04-21T01:51:08,cuda,tiny,float16,2.0,4.75,0.2727,"Maybe instead, I could say: creating the graph allows us to take a messy real-world problem and put it into a standardized intermediate representation, which can then be converted into something suitable for an algorithm, like an adjacency matrix or similar. That way, it's clear what the whole flow is. 

But I do agree with you that a graph is a mathematical representation. I think that’s the step of processing to go into another algorithm. Thank you for pushing back on this; I really appreciate that."
2026-04-21T01:51:08,cuda,tiny,float16,2.5,4.4,0.2626,"Maybe instead I could say, creating the graph allows us to take a messy real-world problem, put it in a standardized intermediate representation, which can then be converted into something that can be put into an algorithm, like an adjacency matrix or something like that. That way, it's clear what that whole flow is. I do agree with you that the graph is in that representation. I think that's something to process into another algorithm. Thank you for pushing that on the subject like this."
2026-04-21T01:51:08,cuda,tiny,float16,3.0,3.98,0.5657,"Brilliant. So I could say, ""green the graph."" Let's take a messy real-world problem, put it in a standardized intermediate representation, which can then be converted into something like an energy system matrix or similar. That way, the whole flow is clear. I do agree with you that the graph is not a gross. I do agree with you that the graph is not a competition. I think some of the processing we don't do in our algorithm. Thank you for sharing that in the same way."
2026-04-21T01:51:08,cuda,small,float16,1.0,23.07,0.1111,"Maybe instead I could say: Creating the graph lets us take a messy real-world problem, put it in a standardized intermediate representation, which can then be converted into something that can be put into an algorithm like an adjacency matrix or something like that. That way, it's clear what that whole flow is.  

But I do agree with you. I do agree that a graph is a mathematical representation. I think that still needs a step of processing, though, to go into another algorithm.  

Thank you, though, for pushing back. I really like this."
2026-04-21T01:51:08,cuda,small,float16,1.5,16.07,0.0707,"Maybe instead I could say creating the graph. Let's take a messy real-world problem, put it in a standardized intermediate representation, which can then be converted into something that can be put into an algorithm like an adjacency matrix or something like that. That way, it's clear what that whole flow is. 

But I do agree with you that a graph is a mathematical representation. I think that still needs a step of processing, though, to go into another algorithm. 

Thank you, though, for pushing back on this. I really like this."
2026-04-21T01:51:08,cuda,small,float16,2.0,16.1,0.0707,"Maybe instead I could say creating the graph lets us take a messy real-world problem, put it in a standardized intermediate representation which can then be converted into something that can be put into an algorithm like an adjacency matrix or something like that. That way it's clear what that whole flow is. But I do agree with you that a graph is a mathematical representation. I think that still needs a step of processing to go into another algorithm. Thank you though for pushing back on this. I really like this."
2026-04-21T01:51:08,cuda,small,float16,2.5,12.64,0.1313,"Maybe instead I could say, creating the graph lets us take a messy real-world problem, put it in a standardized intermediate representation, which can then be converted into something that can be put into an algorithm, like an adjacency matrix or something like that. That way it's clear what that whole flow is. It's clear what that whole flow is. But I do agree with you that a graph is a mathematical representation. I think that still needs a step of processing, though, to go into another algorithm. Thank you though for pushing back on this; I really like this."
2026-04-21T01:51:08,cuda,small,float16,3.0,12.69,0.3131,"Maybe instead I could say, creating the graph lets us take a messy real-world problem, put it in a standardized intermediate representation, which can then be converted into something that can be put into an algorithm, like an adjacency matrix or something like that.  
That way, it's clear what that whole flow is. But I do agree with you that the graph is not going to be as — I do agree with you that the graph is not a representation. I think that's the stuff processing that goes into another algorithm.  
Thank you for pushing down on us. I really like this."
2026-04-21T01:51:08,cuda,medium,float16,1.0,62.57,0.101,"Maybe instead I could say creating the graph.  
It lets us take a messy real-world problem, put it in a standardized intermediate representation, which can then be converted into something that can be put into an algorithm, like an adjacency matrix or something like that.  
That way, it's clear what the whole flow is.  

But I do agree with you—that a graph is a mathematical representation. I think that still needs a step of processing, though, to go into another algorithm.  

Thank you, though, for pushing back on this. I really like this."
2026-04-21T01:51:08,cuda,medium,float16,1.5,47.51,0.0606,"Maybe instead I could say creating the graph lets us take a messy real-world problem, put it in a standardized intermediate representation, which can then be converted into something that can be put into an algorithm, like an adjacency matrix or something like that. That way, it's clear what that whole flow is. But I do agree with you that a graph is a mathematical representation. I think that still needs a step of processing, though, to go into another algorithm. Thank you, though, for pushing back on this. I really like this."
2026-04-21T01:51:08,cuda,medium,float16,2.0,42.33,0.0606,"Maybe instead I could say creating the graph lets us take a messy real-world problem, put it in a standardized intermediate representation, which can then be converted into something that can be put into an algorithm, like an adjacency matrix or something like that. That way, it's clear what that whole flow is. But I do agree with you that a graph is a mathematical representation. I think that still needs a step of processing, though, to go into another algorithm. Thank you, though, for pushing back on this. I really like this."
2026-04-21T01:51:08,cuda,medium,float16,2.5,32.77,0.0808,"Maybe instead, I could say creating the graph lets us take a messy real-world problem, put it in a standardized intermediate representation, which can then be converted into something that can be put into an algorithm, like an adjacency matrix or something like that. That way, it's clear what that whole flow is. I do agree with you that a graph is a mathematical representation. I think that still needs a step of processing to go into another algorithm. Thank you though for pushing back on this. I really like this."
2026-04-21T01:51:08,cuda,medium,float16,3.0,32.32,0.2323,"Maybe instead I could say, creating the graph lets us take a messy real-world problem, put it in a standardized intermediate representation, which can then be converted into something that can be put into an algorithm, like an adjacency matrix or something like that. That way, it's clear what that whole flow is. But I do agree with you that a graph is a mathematical representation. I do agree with you that a graph is not a representation. I think that's only the step of processing to go into another algorithm. Thank you for pushing on this. I really like this."
2026-04-21T01:51:08,cuda,large-v3,float16,1.0,5.2,1.0,
2026-04-21T01:51:08,cuda,large-v3,float16,1.5,4.51,1.0,
2026-04-21T01:51:08,cuda,large-v3,float16,2.0,4.89,1.0,
2026-04-21T01:51:08,cuda,large-v3,float16,2.5,5.09,1.0,
2026-04-21T01:51:08,cuda,large-v3,float16,3.0,4.7,1.0,
